gene_symbol,pathogenic,likely_pathogenic,uncertain_significance,likely_benign,benign,association,not_provided,other_or_unclassified
IKZF3,0,0,0,0,0,0,0,31
TARDBP,0,0,1,0,0,0,0,12
ACD,3,1,15,1,0,0,0,77
SLC1A3,0,0,1,1,0,0,0,50
KCNJ11,1,1,1,0,0,0,0,13
SDHA,38,14,3,0,0,0,0,48
TBK1,14,5,1,0,0,0,0,81
AP2M1,0,0,0,0,0,0,0,23
PRPF4,0,0,0,0,0,0,0,25
BRD4,2,0,0,0,0,0,0,80
KCNJ2,3,1,3,0,0,0,0,13
BSCL2,22,3,3,0,0,0,0,63
NRL,8,1,4,0,0,0,0,35
HNRNPA2B1,0,0,0,0,0,0,0,14
CHRNB1,4,6,4,0,0,0,0,90
AARS1,25,7,7,0,0,0,0,131
GGCX,9,1,1,0,0,0,0,145
EED,0,0,0,0,0,0,0,18
COCH,5,0,1,0,0,0,0,110
SNAP25,0,0,0,1,0,0,0,4
AGO2,0,0,1,0,0,0,0,23
CALM2,0,0,0,0,0,0,0,7
TNNT2,2,9,17,0,0,0,0,32
MAP2K1,0,0,5,0,0,0,0,32
PSMD12,0,0,0,0,0,0,0,12
DIAPH1,17,6,2,1,0,0,0,139
HRAS,1,1,8,0,0,0,0,21
TGFB2,7,1,1,0,0,0,0,21
UBA2,1,0,0,0,0,0,0,54
PROS1,11,4,0,0,0,0,0,67
CSRP3,5,4,12,0,0,0,0,28
CEP85L,0,0,3,0,0,0,0,157
NEK8,12,6,7,0,0,0,0,105
MEFV,1,4,27,2,0,0,1,113
SOS2,0,0,9,2,0,0,0,149
NEB,250,127,13,5,1,0,0,803
GRIN1,5,2,1,2,1,0,0,83
SMC3,0,0,0,0,0,0,0,68
KCNQ3,6,0,5,0,0,0,0,70
KCNH1,0,0,6,1,0,0,0,53
CAV1,1,0,2,0,0,0,0,13
PRKAG2,0,0,15,0,0,0,0,44
ATL3,1,0,12,0,0,0,0,94
KCNC1,0,1,1,0,0,0,0,18
GARS1,3,1,12,0,0,0,0,90
TUBG1,1,0,2,1,0,0,0,57
MESP1,0,0,5,1,0,0,0,82
CDH11,1,1,0,0,0,0,0,36
MYLK,6,12,26,0,0,0,0,176
CALM3,0,0,0,0,0,0,0,16
SSBP1,0,0,0,0,0,0,0,37
PIK3R2,2,0,1,2,0,0,0,134
BICRA,0,1,3,0,1,0,0,286
CDC42,0,0,0,0,0,0,0,9
UMOD,2,0,23,1,0,0,0,104
CHN1,0,0,1,0,0,0,0,77
FGF8,1,1,0,0,0,0,0,16
SRC,0,0,0,0,0,0,0,34
ATP11A,0,0,1,0,0,0,0,158
AKT3,0,0,0,2,0,0,0,36
SIX1,0,2,4,0,0,0,0,24
PDX1,3,0,0,0,0,0,0,24
ACTG1,0,0,4,0,0,0,0,52
MYH7,7,11,72,0,0,0,0,160
SAMD9,0,0,1,1,0,0,0,3
GABRA1,1,1,1,1,0,0,0,20
SFTPC,0,1,2,0,0,0,0,22
FGFR3,0,0,4,1,0,0,0,69
ORAI1,1,4,3,2,0,0,0,75
WNT10A,23,0,0,1,0,0,0,60
MECOM,1,0,4,0,0,0,0,26
VPS35,0,0,0,0,0,0,1,45
ACVR1,0,0,4,0,0,0,0,62
ATP1A1,0,0,0,0,0,0,0,51
POLR3B,12,12,3,3,0,2,5,192
PRDM16,0,0,3,0,0,0,0,42
PACS1,0,0,3,0,0,0,0,67
COL11A2,40,8,4,1,0,0,0,201
CHCHD10,0,2,8,0,0,0,0,72
CEL,1,3,9,0,0,0,0,273
COL6A1,18,5,8,1,0,0,0,164
MFN2,14,6,7,0,0,0,0,66
PPP2R5D,1,0,3,0,0,0,0,31
ZNF292,7,3,2,0,1,0,0,84
SHANK1,2,0,1,0,0,0,0,173
ALDH18A1,9,6,0,1,0,0,0,84
TUBB1,2,3,9,0,0,0,0,57
PMP2,0,0,2,0,0,0,0,26
TUBB2A,0,0,1,0,0,0,0,27
GJB6,0,1,3,0,0,0,0,10
EGFR,15,9,4,5,0,0,0,87
NPRL2,2,1,1,0,0,0,0,35
GFAP,0,0,10,1,0,0,0,64
PPP2CA,0,0,0,0,0,0,0,9
NRAS,1,0,3,0,0,0,0,16
GFI1B,1,0,0,1,0,0,0,38
SEC61A1,0,0,0,0,0,0,0,41
F11,35,14,3,1,0,0,1,93
EIF2S3,0,0,0,0,0,0,0,0
NKX2-1,3,0,0,0,0,0,0,11
MAGEL2,0,0,0,0,0,0,0,1
GABRG2,7,1,2,0,0,0,0,24
WFS1,63,6,5,0,0,0,0,133
CFB,2,0,10,0,0,0,0,109
ACO2,9,1,1,1,0,0,0,61
GNB4,0,0,11,1,0,0,0,57
PIEZO1,19,13,10,3,3,0,0,637
SFTPA1,0,0,3,0,0,0,0,30
MAP1B,1,0,2,0,0,0,0,40
KRAS,0,0,0,1,0,0,0,6
TNPO3,0,2,6,0,0,0,0,113
MTAP,0,0,0,0,0,0,0,67
KLHL20,0,0,0,0,0,0,0,57
ATP2B2,2,1,0,0,0,0,0,31
MYH14,6,2,2,3,0,0,0,227
TANC2,1,2,1,0,0,0,0,71
TUBB3,0,0,1,2,0,0,0,36
SCN1B,2,4,6,1,0,0,0,21
RAC2,0,0,0,0,0,0,0,10
TUBA1A,0,0,0,0,0,0,0,16
TNNI3K,1,1,61,2,2,0,0,181
C1QTNF5,0,0,2,3,0,0,0,22
ACTN1,0,0,1,2,0,0,0,50
KCNC2,0,0,0,0,0,0,0,46
ELP4,0,0,2,0,0,1,0,95
TMEM43,0,2,34,0,0,0,0,60
KCNA2,1,2,4,0,0,0,0,15
MATR3,0,0,0,0,0,0,0,29
TRAF3,0,0,3,0,0,0,0,29
KIF21A,0,1,1,0,0,0,0,226
ANKRD26,1,2,38,0,0,0,0,331
FOXJ1,0,0,0,0,0,0,0,27
TOPORS,5,2,6,0,0,0,0,81
IKBKB,4,1,1,1,0,0,0,69
EGR2,0,0,1,0,0,0,0,9
SMAD6,33,12,33,2,0,0,0,328
ATP1A2,7,7,1,2,0,0,0,99
PDGFRA,0,0,15,4,0,0,0,57
NEFH,0,3,19,3,0,0,0,120
MPZ,7,1,1,0,0,0,0,18
FGFR2,1,0,3,1,0,0,0,36
ATP1A3,0,1,1,0,0,0,0,26
GRHL2,0,1,0,1,0,0,0,37
TINF2,2,3,19,0,0,0,0,42
MYH11,6,4,12,2,0,0,0,143
ALK,0,0,58,1,2,0,0,184
MAB21L2,1,0,0,0,0,0,0,33
MYH10,0,0,1,0,0,0,0,119
CFI,17,12,3,2,0,0,0,83
ACTL6A,0,0,0,0,0,0,0,13
RERE,5,2,1,0,0,0,0,127
RRAS2,0,0,0,0,0,0,0,32
PACS2,0,0,4,0,1,0,0,79
GUCY2D,41,9,3,0,0,0,2,152
CEBPA,1,0,0,0,0,0,0,5
CHRNB2,0,0,15,0,0,0,0,100
KCNMA1,6,4,4,0,0,0,0,58
MYH9,1,1,4,0,0,0,0,68
RDH12,23,6,2,0,0,0,0,29
DDR2,5,0,0,1,0,0,0,54
MUC1,0,0,1,0,0,0,1,113
SLC30A2,1,0,1,0,0,0,0,44
DCTN1,3,2,11,0,0,0,0,97
SQSTM1,13,2,4,0,0,0,0,77
FGB,1,0,1,0,0,0,0,54
COL1A2,10,1,1,2,0,0,0,106
ABCC8,79,22,2,0,0,0,0,142
GANAB,4,5,1,0,0,0,0,68
SPEN,1,0,2,0,0,0,0,133
HOMER2,0,0,0,1,0,0,0,70
NACC1,0,0,0,0,0,0,0,29
GSDME,2,0,12,0,0,0,0,116
CASQ2,21,9,0,0,0,0,0,58
SERPINI1,0,0,1,0,0,0,0,44
TUBB4A,0,0,2,0,0,0,0,40
GABRB2,0,0,2,1,0,0,0,32
AP1G1,0,0,0,0,0,0,0,15
H1-4,0,0,0,0,0,0,0,49
RANBP2,0,0,7,0,0,0,0,181
PIK3CD,1,0,1,0,0,0,0,59
ITGB3,36,6,1,0,0,0,0,79
CNOT3,2,0,0,0,0,0,0,30
DES,18,5,3,0,0,0,0,53
KCNQ4,3,1,2,0,0,0,0,84
RNF43,2,4,12,2,0,0,0,71
BRSK2,0,1,5,1,0,0,0,68
PIK3CA,0,0,5,2,0,0,0,58
STAT1,5,2,1,0,0,0,0,39
TCF7L2,0,0,1,0,0,0,0,74
GABRD,0,0,3,0,0,0,0,59
IRF2BPL,4,1,4,1,0,0,0,217
TGFBR2,0,4,6,0,0,0,0,35
CTLA4,2,1,0,0,0,0,0,8
MSX2,1,1,0,0,0,0,0,23
POLD1,0,0,90,3,0,0,0,105
CUX2,0,0,2,0,0,0,0,94
GRIA2,0,2,0,0,0,0,0,38
HSPB8,0,0,3,0,0,0,0,24
DNAJC5,0,0,0,0,0,0,0,6
RALA,0,0,2,0,0,0,0,14
SCNN1G,1,1,1,0,0,0,0,50
SEC63,15,5,0,0,0,0,0,122
CLCN6,0,0,16,0,0,0,0,130
SMAD9,5,3,1,0,0,0,0,92
MYL2,8,0,18,0,0,0,0,22
IFIH1,4,11,67,13,0,0,0,184
FN1,0,1,11,3,0,0,0,249
NEDD4L,0,0,1,2,0,0,0,104
CITED2,0,0,0,0,0,0,0,9
TIMP3,1,0,3,0,0,0,0,14
KCNB1,0,1,5,0,0,0,0,22
TRAF7,0,0,4,1,0,0,0,99
NEFL,11,2,7,0,0,0,0,49
ASXL2,0,0,0,0,0,0,0,65
CPOX,7,1,1,0,0,0,0,54
CD2AP,6,1,3,0,0,0,0,119
GP1BA,0,1,2,0,0,0,0,24
SCN8A,4,3,9,1,0,0,0,47
GABBR2,0,0,3,1,0,0,0,45
C9orf72,0,0,0,0,0,0,0,103
COL6A3,30,10,6,2,0,0,0,233
GNAT1,11,3,1,0,0,0,0,47
RPL5,0,0,0,1,0,0,0,9
SCAF4,3,1,1,1,0,0,0,80
STX1B,1,0,0,0,0,0,0,10
KBTBD13,0,0,25,3,1,0,0,112
PCGF2,0,0,3,0,0,0,0,47
MIR96,0,0,0,0,0,0,0,0
MAP2K2,0,0,8,1,0,0,0,52
ABCC9,1,3,42,1,0,0,0,190
DSC2,24,16,6,2,0,0,0,92
ZMYND8,0,0,1,0,0,0,0,77
CASR,15,2,0,0,0,0,0,39
CHD4,0,1,3,0,0,0,0,74
COL6A2,34,10,5,1,0,0,0,195
PIK3R1,2,3,1,1,0,0,0,45
RP1,15,1,3,0,0,0,0,42
RAC1,0,0,0,0,0,0,0,5
P2RX2,0,0,10,2,1,0,0,140
IRF4,0,0,2,0,0,0,0,25
SMARCA2,1,1,5,0,0,0,0,162
STIM1,1,0,6,0,0,0,0,51
RYR2,1,1,53,3,0,0,0,394
LITAF,0,0,2,1,0,0,0,16
YY1,0,0,0,0,0,0,0,6
RAF1,0,0,7,1,0,0,0,49
FBLN5,1,2,2,0,0,0,0,35
HECW2,1,0,3,0,0,0,0,119
PROC,10,5,0,0,0,0,0,31
SHOC2,0,0,0,0,0,0,0,12
TPM4,1,0,0,0,0,0,0,33
FAR1,2,0,1,0,0,0,0,55
STT3A,0,0,0,0,0,0,0,69
ARF1,0,0,1,0,0,0,0,14
EZH2,1,0,1,0,0,0,0,41
F2,3,2,0,0,0,0,0,84
PCSK9,2,1,27,19,0,0,0,86
CRX,0,0,1,0,0,0,0,9
IFT140,49,30,5,2,0,0,0,207
KCNT1,1,0,25,2,0,0,0,184
DNM1,3,1,3,4,0,0,0,57
LOX,7,0,1,2,0,0,0,27
NOVA2,0,0,0,0,0,0,0,21
HNRNPDL,0,0,3,0,0,0,0,58
SMCHD1,18,0,3,1,0,0,0,187
DNAJB6,0,0,5,0,0,0,0,60
CSNK2A1,2,2,1,0,0,0,0,11
KDR,0,0,1,1,0,0,0,77
TP63,1,2,4,0,0,0,0,24
CD46,8,5,1,0,0,0,0,57
FXYD2,0,0,2,0,0,0,0,14
ANO5,60,19,3,0,0,0,0,135
SMO,2,0,0,0,0,0,0,111
CHAMP1,0,0,0,0,0,0,0,10
RARB,1,0,2,0,0,0,0,31
SOCS1,1,0,0,0,0,0,0,22
GRIA1,1,0,0,0,0,0,0,72
RIT1,0,0,5,0,0,0,0,16
SLC1A2,0,0,0,0,0,0,0,28
WRAP53,0,2,10,0,0,0,0,62
PROK2,1,0,4,0,0,0,0,19
SMARCA5,0,0,0,0,0,0,0,46
EPCAM,15,4,5,2,0,0,0,59
PPOX,15,0,0,0,0,0,0,49
POLR1B,0,0,0,0,0,0,0,74
HMGA2,0,0,1,0,0,0,0,15
PPP2R1A,0,0,2,1,0,0,0,23
UBTF,0,0,0,0,0,0,0,12
GJB3,1,0,3,0,0,0,0,10
LRSAM1,19,15,3,2,0,0,0,125
OPA3,2,1,0,0,0,0,0,5
ARHGAP29,1,1,0,0,0,0,0,100
EMC1,37,20,11,0,0,0,0,161
PPARG,2,1,0,0,0,0,0,27
GUCA1A,0,0,4,0,0,0,0,26
ABCC6,53,40,5,2,0,0,0,229
GRN,29,3,4,0,0,0,4,68
MYL3,2,0,6,0,0,0,0,19
ITGA2B,35,9,0,0,0,0,0,123
CACNA1S,28,22,8,1,0,0,0,206
FGF12,0,0,2,0,0,0,0,26
TMC1,34,6,4,0,0,0,0,135
INF2,0,0,19,0,0,0,0,226
KCNA1,0,0,3,1,0,0,0,32
ZCCHC8,0,0,2,0,0,0,0,59
JPH2,1,2,6,0,0,0,0,88
SEPTIN9,0,0,1,0,0,0,0,34
YARS1,5,0,16,0,0,0,0,61
THPO,1,0,1,0,0,0,0,19
MACF1,0,0,5,1,0,0,0,469
TSPAN12,8,1,0,0,0,0,0,44
GLUL,0,0,0,0,0,0,1,22
KDM3B,0,1,0,0,0,0,0,36
GABRB3,3,0,2,0,0,0,0,26
COMP,0,4,17,1,0,0,0,149
CSDE1,0,0,2,0,0,0,0,50
FHOD3,0,0,3,0,0,0,0,278
TNNC1,1,0,6,0,0,0,0,22
TNFRSF1A,0,0,0,0,0,0,0,18
TUBB4B,0,0,1,0,0,0,0,21
RBM20,2,1,33,2,0,0,0,107
DNAJB11,5,2,1,0,0,0,0,51
SNCA,0,0,0,0,0,0,0,11
LRP12,0,0,0,0,0,0,0,63
TERT,15,4,3,1,0,0,0,102
ELANE,3,1,7,0,0,0,0,33
CACNA1E,0,0,9,2,0,0,0,95
TRPM7,0,0,0,1,2,0,0,277
PROM1,56,8,6,1,0,0,0,145
ALG8,10,14,3,0,0,0,0,97
CBL,2,3,12,0,0,0,0,81
CHRNA4,0,0,18,2,0,0,0,73
COL11A1,15,6,2,0,0,0,0,156
MYO6,17,2,10,0,0,0,0,138
MORC2,0,0,5,0,0,0,0,61
PRKG1,0,0,2,0,0,0,0,50
SOX6,2,0,0,0,0,0,0,25
PROKR2,3,2,3,0,0,0,0,51
WASHC5,7,7,9,0,0,0,0,193
PRPF8,0,1,5,1,0,0,0,139
MYH2,31,12,12,1,0,0,0,252
TCF3,3,3,3,1,0,0,0,124
RFX7,2,0,0,0,0,0,0,73
CXCR4,2,0,1,0,0,0,0,20
EFEMP1,0,1,3,0,0,0,0,31
COL4A4,72,24,2,0,0,0,0,186
SPTLC2,0,0,4,0,0,0,0,50
CYFIP2,0,0,1,1,0,0,0,57
H4C5,0,0,1,0,0,0,0,69
KIDINS220,2,4,2,2,0,0,0,124
TTR,0,0,5,1,0,0,0,10
RBFOX2,0,0,1,0,0,0,0,45
MRAS,0,0,4,0,0,0,0,14
IMPG1,34,5,6,1,0,0,0,145
IGF2,0,0,0,0,0,0,0,5
PRPF31,7,0,0,0,0,0,0,20
SMAD2,0,0,6,0,0,0,0,19
FBXO38,0,0,5,1,0,0,0,99
REN,3,2,3,0,0,0,0,72
ZSWIM6,0,0,0,1,0,0,0,117
MET,0,0,30,3,0,0,0,67
BRAF,0,0,5,0,0,0,0,35
UNC93B1,2,1,1,1,0,0,0,75
SLC5A7,0,0,4,0,0,0,0,45
AFG3L2,11,2,2,0,0,0,0,111
POU3F3,0,0,0,0,0,0,0,10
TRIM8,0,0,0,1,0,0,0,21
GRIN2D,0,0,1,0,0,0,0,159
PLN,4,0,1,0,0,0,0,7
RFX6,2,2,0,0,0,0,0,100
JAK1,0,0,0,1,0,0,0,34
SLC4A3,0,0,0,0,0,0,0,148
WNT5A,0,0,1,0,0,0,0,18
GDF2,2,0,1,1,0,0,0,25
ANK1,7,4,1,0,0,0,0,70
ACTA1,16,1,0,0,0,0,0,53
ETS1,0,1,0,0,0,0,0,30
KIF5A,5,0,0,2,0,0,0,49
SERPING1,2,0,0,1,0,0,0,18
NAF1,0,0,0,0,0,0,0,35
TPM1,1,2,5,0,0,0,0,42
AICDA,4,6,0,0,0,0,0,41
MYO7A,170,38,2,2,0,0,0,220
THBD,0,0,0,0,0,0,0,2
SPI1,0,0,0,0,0,0,0,11
PLCB4,1,1,3,0,0,0,0,166
ELOVL4,5,0,1,0,0,0,0,41
TECTA,35,11,5,1,0,0,0,252
KCNK3,0,0,2,0,0,0,0,26
ITPR1,5,1,3,1,0,0,0,190
CCND2,2,2,1,0,0,0,0,9
TUBA4A,0,0,2,0,0,0,0,51
MED12L,4,3,0,0,0,0,0,124
SNRNP200,0,0,0,0,1,0,0,106
VCL,0,4,20,0,0,0,0,92
ACAN,5,2,2,1,0,0,0,128
TET3,0,1,1,0,0,0,0,63
LMX1A,1,2,0,0,0,0,0,21
PLIN1,1,2,3,1,0,0,0,113
ZBTB20,0,0,4,0,0,0,0,20
KDM4B,0,3,0,0,0,0,0,88
MYH6,2,3,70,5,1,0,2,202
NEXN,9,3,28,1,0,0,0,121
PARN,14,5,2,0,0,0,0,121
CACNA1D,0,1,8,1,0,0,0,100
RPE65,54,4,1,2,0,0,0,45
P2RY12,0,0,0,0,0,0,0,19
CARD11,4,1,2,1,0,0,0,77
COL4A3,79,42,1,0,0,0,0,205
F12,4,4,0,0,0,0,0,132
SCN11A,0,3,49,0,0,0,0,225
KCNH5,0,0,8,5,0,0,0,93
VWF,67,17,9,1,0,0,8,306
HAND2,0,0,0,0,0,0,0,14
FUS,0,0,2,0,0,0,0,27
HNRNPD,0,0,0,0,0,0,0,23
BCL11B,1,1,0,1,0,0,0,33
KDF1,0,0,0,0,0,0,0,37
KCNJ5,0,0,3,1,0,0,0,31
INS,0,1,0,0,0,0,0,11
GNB1,0,0,0,0,0,0,0,8
FLT4,3,0,2,0,1,0,0,64
GNAO1,0,0,0,0,0,0,0,6
CCM2,11,1,0,0,0,0,0,37
NR2F2,0,0,0,0,0,0,0,8
RPS10,0,0,0,0,0,0,0,6
NOD2,3,0,40,0,0,0,1,125
HRG,0,0,3,0,0,0,0,53
HNRNPR,0,0,0,0,0,0,0,21
TPM2,2,1,3,0,0,0,1,47
MFAP5,0,2,9,0,0,0,0,41
GNAI1,0,0,2,0,0,0,0,29
IDH2,0,0,5,0,0,0,0,52
EPHB4,18,5,1,1,0,0,0,90
CLCN7,8,4,4,0,0,0,0,117
CAV3,5,2,2,0,0,0,0,12
PPP1CB,0,0,2,0,0,0,0,9
FLI1,0,0,0,1,0,0,0,19
TET2,26,3,21,1,0,0,0,1045
NEK1,23,19,5,0,0,0,0,239
SRCAP,4,2,2,0,0,0,0,99
APP,0,0,2,0,0,0,0,52
NARS1,1,0,6,0,0,0,0,125
CSNK2B,1,0,0,0,0,0,0,4
HAND1,0,0,2,0,0,0,0,19
PRSS1,0,0,22,2,1,0,0,41
TRRAP,0,0,3,0,0,0,0,243
DSPP,1,0,2,0,0,0,0,56
CTR9,0,0,5,0,0,0,0,80
C19orf12,2,0,1,0,0,0,0,6
DNM1L,6,3,1,1,0,0,0,70
MED13,2,0,0,0,0,0,0,56
RHOBTB2,0,1,15,6,0,0,0,70
TOP2B,0,0,4,0,1,0,0,132
PPP1R12A,1,0,1,0,0,0,0,55
FOXE3,0,0,0,0,0,0,0,0
CACNA1C,3,1,5,2,0,0,0,61
GRIA4,0,1,0,0,0,0,0,90
CD164,0,0,0,1,0,0,0,24
SYT2,0,0,3,1,0,0,0,36
ABCB6,2,3,6,1,0,0,0,217
MAPK8IP3,0,0,2,3,0,0,0,111
SKI,0,0,7,0,0,0,0,50
TERC,0,0,0,0,0,0,0,0
OSBPL2,0,0,0,0,0,0,0,33
SUFU,7,0,2,0,0,0,0,24
GREM1,0,0,0,1,0,0,0,11
EEF1A2,0,0,2,0,0,0,0,12
SAMD9L,0,0,34,0,0,0,0,152
MYLK3,0,0,24,0,0,0,0,108
NFKB2,2,2,2,0,0,0,0,61
CTNND1,0,0,0,0,0,0,0,54
CHMP2B,0,1,6,1,0,0,0,50
CALM1,0,0,0,0,0,0,0,7
FAM111B,0,0,0,0,0,0,0,3
MTOR,0,0,12,5,0,0,0,112
TPM3,2,1,1,0,0,0,0,29
SLFN14,0,1,5,0,0,0,0,106
DPF2,0,1,0,0,0,0,0,19
TRPV4,1,0,39,2,0,0,0,95
BEST1,30,6,2,0,0,0,0,106
NFKBIA,0,0,0,0,0,0,0,30
H3-3A,0,0,0,0,0,0,0,4
CAPN3,93,9,4,0,0,0,0,100
GDAP1,23,2,3,0,0,0,0,44
HBA1,9,3,0,0,0,0,0,18
ACTB,0,0,0,0,0,0,0,15
HTT,2,1,0,1,2,0,0,410
ACTN2,1,0,13,2,0,0,0,55
CDK4,0,0,18,0,0,0,0,15
RYR1,146,39,15,4,0,0,0,516
TLK2,1,0,0,0,0,0,0,23
ALG9,3,4,1,0,0,0,0,102
TRPM3,0,0,2,0,0,0,0,192
ADAR,15,2,0,0,1,0,0,109
ZIC1,0,0,0,1,0,0,0,9
RELA,4,0,3,0,0,0,0,25
TNNI3,5,4,13,0,0,0,0,22
ACTC1,0,0,4,1,0,0,0,23
COL10A1,0,0,4,1,0,0,0,28
SMARCC1,0,0,2,0,0,0,0,101
DCC,8,1,2,0,0,0,0,98
RHBDF2,0,0,2,0,0,0,0,97
SERPIND1,0,0,3,0,0,0,0,89
MPL,49,18,2,1,0,0,0,72
VCAN,1,0,3,0,0,0,0,114
ALG5,0,2,0,0,0,0,0,41
CNNM2,0,1,0,1,0,0,0,37
MDM4,0,0,0,0,0,0,0,8
RHO,12,3,0,0,1,0,0,33
PRPF3,0,0,1,0,0,0,0,18
CFH,8,3,1,0,0,0,0,94
OPA1,27,2,5,1,0,0,0,77
SOS1,0,0,5,0,0,0,0,48
HBB,43,0,0,0,0,0,0,6
ANXA11,1,0,15,2,0,0,0,120
GBA1,0,0,0,0,0,0,0,0
SMARCC2,0,4,5,0,0,0,0,54
FOXA2,0,0,0,0,1,0,0,33
FGF9,0,0,0,0,0,0,0,8
COL5A2,0,2,1,0,0,0,0,42
ADCY5,7,2,1,0,0,0,0,103
SETX,26,12,1,1,0,0,0,225
MYOC,1,1,8,1,0,0,0,49
ALPL,35,5,1,0,0,0,0,50
KCNK4,0,0,9,1,0,0,0,49
HNRNPH1,0,0,0,0,0,0,0,23
IKZF2,0,0,0,0,0,0,0,28
NFKB1,3,1,0,0,0,0,0,37
SFTPA2,0,0,0,0,0,0,0,47
VAPB,0,0,1,1,0,0,0,20
HCN1,0,0,5,1,0,0,0,49
GLUD1,0,0,2,0,0,0,0,72
LRRK2,0,0,28,5,0,0,0,366
KCNC3,1,1,6,1,0,0,0,107
ACOX1,16,6,0,1,0,0,0,76
TUBB2B,0,0,1,0,0,0,0,19
ALB,4,1,1,0,1,0,1,77
GMNN,0,0,0,0,0,0,0,36
SOD1,1,1,2,0,0,0,0,22
SATB1,2,0,0,0,0,0,0,21
SOX17,0,0,0,0,0,0,0,17
SCN3A,2,2,17,1,0,0,0,101
POFUT1,2,0,1,0,0,0,0,44
VCP,0,0,4,0,0,0,0,10
UCHL1,4,0,0,0,0,0,0,21
ISL1,0,0,0,0,0,0,0,7
OPTN,24,7,3,0,0,0,0,88
HSPB1,9,0,3,0,0,0,0,44
CAMK2A,1,0,0,0,0,0,0,19
PFN1,0,0,0,0,0,0,0,7
RAB7A,0,0,0,0,0,0,0,4
SLC17A8,0,2,7,0,0,0,0,72
WDR37,0,0,0,0,0,0,0,37
POLE,122,49,44,3,0,0,0,209
BACH2,0,0,0,0,0,0,0,21
ACTA2,1,3,6,0,0,0,0,29
RFX3,0,0,0,0,0,0,0,22
FGA,4,1,1,0,0,0,0,32
ATP13A3,4,0,1,0,0,0,0,126
CHD3,1,1,2,1,0,0,0,126
DHX30,0,0,1,0,0,0,0,20
STAT3,0,1,0,0,0,0,0,15
ZMIZ1,3,2,1,0,0,0,0,30
FGG,2,1,1,0,0,0,0,34
STAT6,0,0,0,0,0,0,0,76
NOTCH2,5,3,3,0,0,0,0,82
SLC52A1,0,0,6,0,0,0,0,59
TEK,2,2,0,0,0,0,0,83
FTH1,0,0,1,0,0,0,0,19
IMPDH1,9,2,9,0,0,0,0,94
ALPK3,57,14,10,0,0,0,0,202
ATXN2,0,0,0,4,0,0,0,171
PPM1D,15,14,7,0,0,0,0,135
KLF13,0,0,0,0,0,0,0,30
FOXN1,5,1,3,0,0,0,0,36
SPTBN1,1,0,1,0,0,0,0,55
CEACAM16,3,1,4,0,0,0,0,59
SERPINC1,3,0,0,0,0,0,0,20
LZTR1,176,67,17,3,0,0,0,293
PLAU,0,0,1,0,0,0,0,68
KIF1A,7,4,1,0,0,0,0,92
F5,21,10,2,0,0,0,0,273
SEMA6B,0,0,1,1,0,0,0,106
C3,5,4,4,2,0,0,0,165
CAPN5,0,0,21,3,0,0,0,110
HCN4,0,0,14,1,0,0,0,106
TBXA2R,0,1,0,0,0,0,0,38
DNM2,0,0,3,0,0,0,0,53
HEPACAM,3,1,0,0,0,0,0,30
ATL1,3,0,2,0,0,0,0,62
SPTBN2,3,2,1,0,0,0,0,217
PRPH2,18,1,2,0,0,0,0,28
